net,length_um
_0766_,576.71
_0740_,564.53
_0764_,548.95
_0996_,525.54
_0759_,504.85
net41,491.2
_0737_,489.25
_0734_,486.24
_0743_,481.79
_0742_,477.485
_0694_,477.38
_0747_,474.95
_0738_,470.695
_0736_,461.475
_0739_,453.45
_0731_,442.16
_0763_,441.755
clknet_0_clock,438.38
_0744_,434.43
_0797_,427.76
_0735_,425.88
_0652_,424.175
_0745_,421.61
_0983_,420.62
_0926_,413.27
_0761_,412.54
_0732_,410.7
_0875_,408.23
_0760_,407.29
net3,400.18
_0874_,399.2
_0733_,398.095
_0930_,395.4
net40,385.02
_0925_,382.8
_0936_,382.71
_0762_,381.68
_0934_,378.22
_0693_,378.05
_0767_,377.35
_0932_,375.39
_0939_,370.98
_0938_,361.4
_1807_,358.38
_0927_,347.93
_1169_,342.78
_0713_,341.25
_2005_,340.84
_0712_,332.2
_1110_,330.52
_1805_,319.29
_1806_,315.99
_1042_,309.11
_1098_,300.67
_1109_,295
_1702_,294.42
_0010_,290.72
_1841_,290.33
_1669_,288.72
_1540_,287.065
fifo1.soft_reset,284.58
_1849_,283.14
_1557_,280.34
fifo2.soft_reset,273.54
_0765_,270.06
_1864_,267.57
_1005_,267.42
_1183_,265.86
clknet_3_1__leaf_clock,262.65
_0008_,262.46
net13,256.73
clknet_3_2__leaf_clock,256
clock,253.93
net11,253.12
_0768_,253
_0963_,251.18
_1804_,248.57
_0790_,248.51
_1893_,246.55
_0757_,246.48
_1233_,246.16
_1830_,245.88
_1828_,242.86
_0799_,241.88
_1437_,241.395
clknet_3_6__leaf_clock,241.27
_1317_,240.93
clknet_3_3__leaf_clock,240.28
_1339_,237.84
_0856_,236.82
_1104_,231.82
net42,231.08
_1178_,230.78
_1835_,230.34
net9,230.2
_1832_,230.06
_1144_,229.12
_1176_,228.73
_1539_,227.275
_0692_,225.32
_1562_,225.29
clknet_3_5__leaf_clock,225.2
_0956_,223.95
_2004_,222.9
_1141_,221.96
_1569_,220.57
net12,217.42
_1556_,216.62
_1558_,215.61
_1107_,214.56
clknet_3_7__leaf_clock,213.62
_0974_,212.89
_1296_,210
_1436_,208.93
_1108_,208.57
net10,207.945
_0857_,207.76
_0981_,205.71
_1120_,204.64
_0438_,204.535
_1827_,203.4
_1857_,201.78
_1846_,201.65
_1550_,200.86
_1486_,200.78
clknet_3_4__leaf_clock,199.84
_0715_,198.5
_1838_,198.18
_1485_,197.46
_1567_,194.59
_0002_,193.1
_1121_,191.17
_1182_,190.71
clknet_3_0__leaf_clock,190.49
_0869_,187.595
_1177_,186.12
_1105_,185.18
_1491_,183.28
_0783_,183.02
_0825_,180.6
_1812_,179.835
_0789_,179.19
_0746_,178.93
_1582_,178.63
_1188_,178.15
_1420_,175.72
_1570_,168.72
net2,167.97
net6,167.73
_1125_,166.42
_1102_,165.9
_1282_,165.47
_1106_,164.67
_0628_,164.54
_1189_,164.41
_1942_,163.5
_0725_,163.49
_0858_,162.76
_0515_,162.625
net7,162.55
_1438_,161.92
net30,161.22
_1320_,159.22
_1481_,159.14
_1862_,158.25
_0433_,158.185
clknet_leaf_49_clock,155.17
_1916_,154.88
_1114_,153.6
_1203_,153.18
_1492_,152.79
_1483_,151.05
fifo3.soft_reset,150.41
_0617_,149.7
_0921_,149.18
_0851_,148.73
_0867_,147.76
net8,147.5
_0659_,146.13
_1221_,145.22
_1416_,145.03
_1976_,143
_1126_,142.96
_1232_,142.6
_1035_,142.41
_1295_,142.06
_0724_,140.44
_1703_,140.21
_0434_,139.04
_0957_,138.62
_1115_,137.7
_2003_,136.64
_0840_,136.56
clknet_leaf_38_clock,136.5
_0006_,136.475
_0684_,135.78
_1465_,135.26
_1426_,134.72
_0839_,133.545
_0432_,133.52
net37,133.3
_1758_,133.18
_2094_,132.91
clknet_leaf_8_clock,132.5
_1729_,131.72
_1494_,131.34
_1462_,131.24
_1495_,130.975
_0922_,130.92
_0860_,130.885
_2104_,129.52
_1801_,129.1
_1059_,129.085
_1442_,128.96
_0920_,127.965
_0842_,127.725
_1101_,127.33
clknet_leaf_13_clock,127.32
_1431_,126.805
_0944_,125.34
_2084_,125.28
_1256_,124.15
_1117_,123.94
_0682_,123.78
_0785_,123.3
_0690_,123.255
_1816_,122.8
_1091_,122.79
_1772_,122.79
_1433_,122.28
_1432_,122.04
clknet_leaf_2_clock,121.78
_0830_,121.74
_0616_,121.62
_1198_,121.16
_0517_,120.94
_0961_,120.9
_0610_,120.24
net1,120.14
_1463_,119.83
_0619_,119.59
_0800_,119.59
_2103_,119.54
_1753_,119.52
_0993_,119.16
_0730_,118.9
_1425_,118.82
clknet_leaf_0_clock,118.38
_1466_,118.24
_1760_,118.115
_1226_,118.1
net5,117.67
_0837_,117.39
_0436_,116.72
_1200_,116.14
_1153_,116.095
_1103_,115.94
_2106_,115.82
_1379_,115.66
_1789_,114.81
_1489_,114.05
_0533_,113.325
_1809_,113.32
_1530_,113.13
clknet_leaf_24_clock,113.055
_1488_,112.92
_1435_,112.73
_0755_,112.56
_1467_,112.2
_1523_,111.98
_0005_,111.87
_1759_,111.52
_1803_,111.35
_1551_,111.14
_0852_,110.34
_0004_,110.25
net4,109.995
_1428_,109.925
_0910_,109.8
_1547_,109.6
_1152_,109.42
_1429_,109.35
clknet_leaf_17_clock,109.3
clknet_leaf_62_clock,109.08
_0942_,108.68
clknet_leaf_45_clock,107.64
_1434_,107.51
_0605_,106.79
clknet_leaf_21_clock,106.08
_0656_,105.72
_0003_,105.615
_1179_,105.12
_1139_,105.11
clknet_leaf_59_clock,104.94
_1430_,104.84
_0660_,104.68
_2081_,104.53
_1444_,104.05
_0776_,104.03
clknet_leaf_47_clock,103.94
_0786_,103.815
_0924_,103.21
fifo2.wr_pointer\[4\],103.2
_1788_,103
_0959_,102.82
_1731_,102.74
_0943_,102.24
_0520_,102.04
_0752_,102.04
_0955_,101.98
_1137_,101.94
_0779_,101.87
_0855_,101.86
_0658_,101.55
clknet_leaf_9_clock,101.18
clknet_leaf_20_clock,101.12
_0967_,100.94
_0853_,100.76
fifo3.wr_pointer\[0\],100.7
_1441_,100.47
_0803_,100.24
_0859_,99.16
_1451_,99.155
_0758_,98.92
net39,98.88
_1542_,98.64
clknet_leaf_4_clock,98.6
clknet_leaf_3_clock,98.38
_1118_,98.17
_0832_,98.06
_0975_,97.76
clknet_leaf_56_clock,97.285
_1185_,97.14
_1751_,97.14
_0011_,96.84
_1580_,96.52
_0960_,96.48
_0741_,96.14
clknet_leaf_32_clock,96
_0536_,95.975
clknet_leaf_11_clock,95.94
_1096_,95.795
_1775_,95.56
clknet_leaf_61_clock,95.515
_0990_,95.06
_1213_,94.85
fifo2.wr_pointer\[3\],94.56
_0989_,94.34
clknet_leaf_5_clock,94.22
_1195_,94.14
_0833_,94.04
_1418_,93.855
_0753_,93.705
clknet_leaf_39_clock,93.42
_2025_,93.3
fifo2.wr_pointer\[1\],93.08
_1478_,92.84
_1220_,92.695
_0871_,92.48
_1993_,92.44
clknet_leaf_33_clock,91.86
clknet_leaf_10_clock,91.84
_2070_,91.715
_0729_,91.65
_1771_,91.64
clknet_leaf_41_clock,91.56
_0844_,91.44
_0838_,91.045
_1773_,90.28
clknet_leaf_40_clock,90.24
clknet_leaf_55_clock,89.92
_2019_,89.825
_0722_,89.82
_1749_,89.74
_1175_,89.73
_0721_,89.42
_1027_,89.18
_1324_,88.75
_1683_,88.68
_0748_,88.575
_0823_,88.52
_0870_,88.3
clknet_leaf_28_clock,88.24
clknet_leaf_48_clock,87.9
clknet_leaf_43_clock,87.89
_1446_,87.62
_1192_,87.4
clknet_leaf_37_clock,87.03
_0894_,86.5
_0805_,86.4
_1119_,85.935
_0770_,85.88
_1756_,85.48
_0514_,84.965
_2105_,84.78
_1040_,84.72
_0751_,84.5
clknet_leaf_50_clock,84.36
_1572_,84.04
clknet_leaf_19_clock,83.76
_1781_,83.52
fifo1.lfd_state,83.46
_0958_,83.44
_1447_,83.4
_0835_,83.08
_1616_,82.66
_1774_,82.22
_0772_,82.13
_1757_,80.89
_2000_,80.83
clknet_leaf_27_clock,80.76
_1754_,80.64
_1480_,80.595
clknet_leaf_14_clock,80.495
_1623_,80.38
_1544_,80.34
_1554_,80.27
_0831_,80.16
_1700_,80
_1625_,79.52
_1093_,79.44
_0680_,79.38
clknet_leaf_23_clock,79.36
clknet_leaf_58_clock,79.1
clknet_leaf_26_clock,78.84
_1097_,78.54
_1548_,78.37
clknet_leaf_12_clock,78.36
_1181_,78.27
fifo3.mem\[7\]\[0\],77.84
_0681_,77.14
clknet_leaf_22_clock,77.035
_1448_,76.8
_1783_,76.76
_1779_,76.48
_0972_,76.475
_0834_,76.42
_0716_,75.6
_1636_,75.4
_1122_,75.12
_1419_,75
fifo2.mem\[5\]\[1\],74.78
clknet_leaf_51_clock,74.78
_0986_,74.66
fifo3.wr_pointer\[3\],74.54
fsm1.ld_state,74.46
_1705_,74.34
_1824_,74.04
_1947_,74.04
_1111_,73.915
_0001_,72.84
_1965_,72.5
_1609_,72.48
_1508_,72.43
clknet_leaf_42_clock,72.38
_0769_,71.98
_1598_,71.68
_1518_,71.67
_0988_,71.56
_0000_,71.38
fifo2.mem\[5\]\[0\],71.34
fifo1.wr_pointer\[1\],71.22
_1525_,70.74
clknet_leaf_7_clock,70.64
_2072_,70.6
clknet_leaf_6_clock,70.6
clknet_leaf_15_clock,70.24
clknet_leaf_52_clock,70.22
_1373_,70.08
net26,69.62
_1725_,69.44
_1538_,69.1
fifo1.rd_pointer\[1\],68.845
_0778_,68.68
clknet_leaf_29_clock,68.56
_0962_,68.55
_1845_,68.4
clknet_leaf_36_clock,68.28
_0841_,67.94
clknet_leaf_1_clock,67.92
_1160_,67.66
_1817_,67.22
_1450_,67.2
_0782_,67.04
clknet_leaf_30_clock,66.96
_1143_,66.84
fifo1.mem\[6\]\[5\],66.5
_0784_,66.46
_1340_,66.41
_0802_,66.34
_0634_,66.12
net27,66.06
_1941_,65.94
fifo2.wr_pointer\[0\],65.91
_0781_,65.615
_2020_,65.42
_0613_,65.34
fifo3.wr_pointer\[2\],65.02
_1996_,64.72
_0678_,64.19
_0928_,63.84
_1187_,63.24
fifo3.rd_pointer\[1\],63.1
fsm1.laf_state,62.22
_0007_,62.08
_0654_,61.62
_1995_,61.58
_1814_,61.28
_1155_,61.08
_1113_,60.91
_1319_,60.32
_1653_,60.22
_1588_,60.21
_0519_,60.07
_1541_,60.06
_0424_,59.945
_1565_,59.59
fifo3.mem\[2\]\[7\],59.585
_1536_,59.34
fifo3.mem\[7\]\[4\],59.1
_0775_,58.74
_1989_,58.72
_1553_,58.38
_1972_,58.34
clknet_leaf_16_clock,58.24
_1527_,57.92
_1347_,57.62
clknet_leaf_34_clock,57.59
fifo3.mem\[8\]\[0\],57.38
clknet_leaf_60_clock,57.02
fifo2.mem\[10\]\[2\],56.905
_0723_,56.6
_0726_,56.455
fsm1.detect_add,56.36
fifo1.wr_pointer\[0\],55.77
_1998_,55.72
clknet_leaf_25_clock,55.72
_1191_,55.56
_0754_,55.22
clknet_leaf_54_clock,55.1
_2008_,55.08
fifo1.data_in\[7\],54.7
fifo1.mem\[15\]\[4\],54.32
_1672_,54.13
_1924_,53.66
_0633_,53.605
_1369_,53.28
syn.count0\[0\],53.22
fifo1.data_in\[3\],52.94
_0854_,52.7
fifo3.mem\[7\]\[1\],52.52
_1026_,52.36
_0727_,52.06
_1922_,51.8
fifo1.mem\[15\]\[5\],51.63
fifo2.mem\[8\]\[2\],51.5
_1490_,51.36
fifo2.rd_pointer\[2\],50.79
regis.header_byte\[5\],50.715
_0719_,50.71
_1878_,50.62
fsm1.addr\[0\],50.45
_1173_,50.18
net33,49.88
_1349_,49.74
syn.count2\[0\],49.66
_1691_,49.6
_1904_,49.36
clknet_leaf_35_clock,49.36
_0637_,48.98
_1891_,48.76
fifo1.wr_pointer\[4\],48.74
fifo1.mem\[6\]\[2\],48.24
_2018_,48.2
_1504_,47.98
_1041_,47.76
fifo2.mem\[10\]\[3\],47.74
fifo3.mem\[12\]\[2\],47.52
_1532_,47.42
_0674_,47.32
_0534_,47.065
fifo2.rd_pointer\[0\],46.78
fifo1.mem\[6\]\[3\],46.74
_1879_,46.7
clknet_leaf_53_clock,46.48
clknet_leaf_57_clock,46.46
_1372_,46.12
clknet_leaf_31_clock,46.12
fifo2.mem\[15\]\[2\],45.76
fifo3.mem\[10\]\[8\],45.685
_1090_,45.61
_0898_,45.52
fifo2.mem\[8\]\[3\],45.3
net36,45.08
fifo2.mem\[2\]\[1\],44.995
_1915_,44.92
fifo2.mem\[10\]\[4\],44.8
fifo1.mem\[15\]\[1\],44.54
regis.header_byte\[1\],44.44
_1813_,44.43
net44,44.355
_0532_,44.145
_1202_,44.02
_1992_,43.97
_1370_,43.82
_1534_,43.56
_1861_,43
_1501_,42.98
_1820_,42.98
_1933_,42.94
_1244_,42.9
_2007_,42.8
fsm1.addr\[1\],42.72
_1404_,42.71
regis.header_byte\[2\],42.665
fifo1.mem\[4\]\[1\],42.62
fifo1.count\[0\],42.56
_1969_,42.52
_0749_,42.445
_0701_,42.34
_0777_,42.26
fsm1.present_state\[1\],42.1
fifo3.mem\[1\]\[8\],41.9
_1923_,41.76
fifo3.mem\[12\]\[5\],41.66
_0976_,41.63
_1249_,41.58
fifo2.mem\[8\]\[4\],41.38
fifo2.mem\[8\]\[5\],41.28
_1624_,41.14
fifo2.mem\[15\]\[1\],41.06
_1487_,41.04
_1677_,41.04
_1967_,41.03
_1928_,40.96
_1069_,40.86
_0539_,40.825
fifo3.mem\[10\]\[4\],40.74
clknet_leaf_18_clock,40.74
fsm1.full_state,40.5
_1648_,40.3
_1750_,40.3
_2011_,39.515
_1199_,39.39
fifo2.mem\[15\]\[3\],39.36
fifo3.count\[3\],39.23
_2012_,39.18
_1964_,39.1
clknet_leaf_44_clock,39.015
_0780_,38.94
_1168_,38.68
_1077_,38.48
_0773_,38.28
fifo2.rd_pointer\[3\],38.01
syn.count2\[2\],37.94
_1520_,37.8
net15,37.78
fifo1.mem\[15\]\[0\],37.74
fifo1.data_in\[4\],37.6
_2026_,37.52
fifo2.count\[5\],37.46
fifo2.mem\[5\]\[8\],37.32
fifo3.mem\[10\]\[1\],37.265
_2098_,37.04
fifo1.wr_pointer\[2\],36.98
fifo3.mem\[9\]\[7\],36.86
fifo2.mem\[2\]\[0\],36.625
fifo2.mem\[1\]\[2\],36.56
net43,36.505
fifo2.mem\[6\]\[5\],36.4
clknet_leaf_46_clock,36.3
fifo3.mem\[12\]\[6\],36.16
_1642_,35.96
_1808_,35.74
_1999_,35.64
fifo3.wr_pointer\[1\],35.34
syn.count1\[3\],35.225
_1529_,35.08
_1264_,35.04
_2010_,34.94
net48,34.94
_1733_,34.9
_0625_,34.84
_0663_,34.8
_0873_,34.76
_1836_,34.7
_1464_,34.58
fifo2.mem\[2\]\[6\],34.5
_1634_,34.46
_1637_,34.38
_2031_,34.36
fifo3.mem\[7\]\[7\],34.255
_1847_,34.22
_1620_,34.16
_1255_,34.08
fifo2.mem\[15\]\[0\],34.08
fifo1.mem\[15\]\[3\],33.98
_1600_,33.76
_1227_,33.56
_1272_,33.555
_1655_,33.52
fifo2.rd_pointer\[4\],33.5
fifo3.count\[1\],33.42
_1424_,33.4
_2048_,33.32
fifo2.count\[3\],33.315
fifo1.count\[1\],33.16
fifo3.count\[0\],33.12
fifo3.mem\[1\]\[5\],32.98
syn.count2\[1\],32.9
_1819_,32.82
_1479_,32.76
_1286_,32.64
syn.count0\[3\],32.62
_2082_,32.52
fifo3.rd_pointer\[2\],32.5
_1903_,32.26
_1238_,32.22
_0827_,32.2
_1676_,32.16
_2087_,32.16
fifo2.mem\[10\]\[8\],32.14
_0728_,32.12
net34,32.08
_1822_,32.07
_1815_,32.04
_1870_,31.96
_1522_,31.92
_1856_,31.88
_0648_,31.84
_0882_,31.82
_1917_,31.58
_1934_,31.52
fifo2.mem\[10\]\[5\],31.32
regis.header_byte\[0\],31.285
fifo3.mem\[12\]\[4\],31.22
fifo2.count\[0\],31.2
_1259_,31.07
syn.count0\[1\],31.055
_1050_,31.02
_0836_,30.81
fifo3.mem\[12\]\[7\],30.8
_1095_,30.78
fifo1.rd_pointer\[3\],30.76
_1823_,30.68
_0868_,30.43
_1692_,30.4
_2044_,30.3
fifo3.mem\[2\]\[0\],30.185
syn.count2\[3\],30.18
net46,30.18
fifo3.mem\[13\]\[0\],30.04
fifo3.rd_pointer\[3\],29.92
_1826_,29.82
net29,29.7
_1945_,29.36
_1346_,29.125
fifo1.data_in\[5\],28.94
_0624_,28.9
_1322_,28.88
_0862_,28.83
_0774_,28.74
_1477_,28.74
_1883_,28.58
_1092_,28.48
fifo1.mem\[6\]\[4\],28.4
syn.count0\[2\],28.38
fifo2.rd_pointer\[1\],28.32
fifo3.mem\[13\]\[8\],28.24
_1208_,28.22
regis.packet_parity\[2\],28.1
fifo2.mem\[8\]\[1\],27.94
fifo3.count\[5\],27.81
fifo3.count\[2\],27.74
syn.count1\[0\],27.74
_1566_,27.7
fifo2.mem\[1\]\[4\],27.56
fifo2.mem\[1\]\[8\],27.52
_2035_,27.48
_1952_,27.34
fifo1.count\[3\],27.3
fifo2.mem\[11\]\[1\],27.28
_1660_,27.14
fifo3.mem\[8\]\[1\],27.14
_2056_,27.12
_1615_,26.98
_1890_,26.88
fifo2.mem\[2\]\[2\],26.86
regis.header_byte\[7\],26.835
syn.count0\[5\],26.76
_1371_,26.68
fifo1.count\[5\],26.66
fifo3.mem\[2\]\[1\],26.645
_1706_,26.6
_0386_,26.545
fifo3.mem\[0\]\[0\],26.4
regis.packet_parity\[3\],26.4
_1325_,26.34
_2032_,26.28
_1341_,26.2
_1909_,26.2
data_in[3],26.19
_1184_,26.14
_1953_,26.14
fifo2.mem\[6\]\[2\],26.1
_1860_,25.98
_2009_,25.81
_1413_,25.76
_1748_,25.74
regis.header_byte\[3\],25.735
_1727_,25.62
_1537_,25.44
fsm1.rst_int_reg,25.2
fifo2.mem\[0\]\[1\],25.11
_1974_,25.08
fsm1.parity_done,24.935
regis.header_byte\[4\],24.915
_0829_,24.9
_0864_,24.85
syn.count1\[2\],24.845
_1851_,24.68
fifo2.mem\[1\]\[3\],24.68
fifo3.count\[6\],24.68
fifo3.mem\[10\]\[0\],24.665
_1632_,24.64
net31,24.58
_1545_,24.54
fifo3.mem\[12\]\[8\],24.46
fifo1.rd_pointer\[2\],24.44
_1958_,24.36
fifo2.count\[4\],24.28
regis.header_byte\[6\],24.275
_1316_,24.22
_1194_,24.14
_0826_,24.12
_1665_,24.12
fifo1.mem\[12\]\[7\],24.08
fifo3.mem\[9\]\[8\],24.08
_2046_,24.075
_2074_,24.04
_1975_,24
_1150_,23.975
fifo2.mem\[7\]\[6\],23.94
_1712_,23.86
net47,23.77
fifo3.mem\[12\]\[1\],23.74
_0717_,23.66
_1560_,23.65
fifo3.mem\[12\]\[0\],23.62
_1587_,23.58
net193,23.52
_1586_,23.5
fifo3.mem\[8\]\[2\],23.5
_0866_,23.49
fifo1.mem\[12\]\[1\],23.46
fifo2.mem\[1\]\[5\],23.46
fifo1.mem\[9\]\[4\],23.44
fifo3.mem\[9\]\[4\],23.42
_0645_,23.34
net45,23.34
_1399_,23.3
fifo1.mem\[9\]\[8\],23.1
_2069_,23.04
_1619_,22.91
fifo1.mem\[9\]\[7\],22.9
_0626_,22.86
syn.count1\[4\],22.8
regis.internal_parity\[2\],22.76
fifo2.mem\[0\]\[0\],22.7
fifo3.wr_pointer\[4\],22.7
_0495_,22.645
_1831_,22.54
fifo2.count\[1\],22.535
_1866_,22.5
fifo2.mem\[10\]\[7\],22.5
_1882_,22.46
fifo1.mem\[5\]\[7\],22.32
_1270_,22.3
fifo2.mem\[12\]\[6\],22.16
fifo3.mem\[8\]\[8\],22.14
_1123_,22.135
fifo2.mem\[8\]\[6\],22.08
_1690_,22.06
syn.count1\[1\],22.04
fifo2.mem\[7\]\[3\],22.02
_1738_,21.96
regis.internal_parity\[0\],21.9
_1048_,21.88
_1089_,21.86
_1274_,21.815
_1417_,21.8
fifo2.mem\[9\]\[4\],21.76
fifo3.mem\[1\]\[7\],21.74
fifo1.mem\[15\]\[6\],21.68
_1390_,21.66
_0335_,21.625
fifo3.rd_pointer\[4\],21.62
fifo1.mem\[15\]\[8\],21.58
fifo1.mem\[4\]\[7\],21.56
_0884_,21.46
_1280_,21.42
_1360_,21.34
syn.count2\[4\],21.22
_1094_,21.215
fifo2.mem\[14\]\[0\],21.2
fifo2.mem\[7\]\[7\],21.18
fifo2.mem\[11\]\[6\],21.12
fifo2.mem\[2\]\[3\],21.1
fifo2.mem\[9\]\[3\],21.1
fifo1.mem\[13\]\[8\],21.08
_1657_,21.06
fifo3.mem\[11\]\[5\],21.04
_2073_,21.02
fifo3.mem\[0\]\[4\],21.02
regis.packet_parity\[4\],20.995
regis.internal_parity\[7\],20.96
fifo2.mem\[6\]\[1\],20.945
_0665_,20.92
_1158_,20.92
fifo1.mem\[1\]\[2\],20.92
fifo2.mem\[7\]\[1\],20.88
regis.internal_parity\[1\],20.88
fifo3.mem\[13\]\[7\],20.74
_1375_,20.72
net264,20.66
_1211_,20.64
fifo2.mem\[9\]\[0\],20.64
_1060_,20.58
fifo1.count\[2\],20.58
_0640_,20.54
fifo2.mem\[7\]\[8\],20.42
_0009_,20.4
fifo2.mem\[7\]\[0\],20.38
regis.packet_parity\[6\],20.34
_1855_,20.32
_1699_,20.31
_1234_,20.12
_1962_,19.94
_1215_,19.88
_1898_,19.86
_1667_,19.84
fifo3.mem\[7\]\[8\],19.76
_0828_,19.72
_1513_,19.72
fifo1.mem\[8\]\[8\],19.7
net231,19.66
_1362_,19.64
_1722_,19.52
_1844_,19.44
_1056_,19.4
fifo1.mem\[9\]\[3\],19.4
fifo3.count\[4\],19.38
_0668_,19.36
_1291_,19.25
_2015_,19.22
_0105_,19.185
_1907_,19.18
fifo1.mem\[10\]\[7\],19.12
_0670_,19.06
_1461_,19.06
net25,19.06
_0750_,19.04
fifo2.mem\[6\]\[6\],19.04
fifo1.mem\[9\]\[6\],19.02
_0630_,19
fifo1.count\[4\],19
fifo1.mem\[9\]\[2\],18.98
_1509_,18.88
_2036_,18.74
fifo3.mem\[0\]\[7\],18.74
fifo3.mem\[7\]\[3\],18.7
net317,18.7
_2047_,18.66
_1875_,18.62
_1939_,18.6
_0879_,18.58
regis.internal_parity\[3\],18.5
syn.count2\[5\],18.48
_0454_,18.465
fifo3.mem\[12\]\[3\],18.38
fifo3.mem\[2\]\[4\],18.36
_1180_,18.34
_1314_,18.26
fifo2.mem\[5\]\[4\],18.22
_1506_,18.2
_0703_,18.19
_1612_,18.16
_1895_,18.16
_1991_,18.16
fifo2.mem\[7\]\[4\],18.12
_1973_,18.1
_1970_,18.08
_0026_,18.075
fifo2.mem\[11\]\[2\],18.06
fifo2.mem\[9\]\[7\],18.06
_0405_,17.985
_1514_,17.9
fifo1.mem\[10\]\[5\],17.9
_1140_,17.88
fifo3.mem\[11\]\[2\],17.84
_0756_,17.82
_1561_,17.8
fifo2.mem\[9\]\[5\],17.78
fifo1.mem\[7\]\[6\],17.76
fifo3.mem\[6\]\[0\],17.745
_0392_,17.685
_0971_,17.67
_1159_,17.64
fifo2.mem\[9\]\[6\],17.64
_0627_,17.62
_1710_,17.62
_0969_,17.6
fifo3.mem\[14\]\[5\],17.58
fifo1.mem\[11\]\[0\],17.56
_0863_,17.54
fifo1.data_in\[0\],17.54
fifo1.mem\[13\]\[7\],17.52
fifo2.mem\[3\]\[5\],17.52
net184,17.52
_0618_,17.48
fifo1.mem\[12\]\[0\],17.48
_1212_,17.44
_1502_,17.42
_2053_,17.4
fifo2.mem\[10\]\[0\],17.345
_0649_,17.34
_1867_,17.34
_1961_,17.34
regis.packet_parity\[7\],17.3
net142,17.26
_1850_,17.22
fifo2.mem\[6\]\[4\],17.22
fifo2.mem\[8\]\[0\],17.22
fifo1.mem\[4\]\[4\],17.18
fifo3.mem\[15\]\[2\],17.14
_0673_,17.1
fifo1.mem\[12\]\[5\],17.1
fifo1.mem\[9\]\[1\],17.1
fifo1.mem\[5\]\[1\],17.04
fifo2.mem\[0\]\[7\],17.02
_1693_,17
_0669_,16.98
fifo2.mem\[9\]\[8\],16.98
_0902_,16.94
fifo2.mem\[14\]\[4\],16.94
fifo3.mem\[5\]\[1\],16.92
syn.count0\[4\],16.9
fifo1.mem\[7\]\[3\],16.86
fifo3.mem\[13\]\[1\],16.86
fifo2.mem\[15\]\[8\],16.84
fifo1.mem\[0\]\[6\],16.8
net171,16.78
fifo2.mem\[6\]\[8\],16.765
fifo3.mem\[8\]\[3\],16.76
net90,16.76
fifo1.mem\[11\]\[1\],16.74
regis.internal_parity\[5\],16.74
_0404_,16.725
_0642_,16.72
_1603_,16.72
fifo3.mem\[3\]\[0\],16.72
fifo3.mem\[7\]\[6\],16.7
net198,16.7
_0396_,16.685
fifo3.mem\[8\]\[6\],16.62
fifo3.mem\[3\]\[5\],16.56
fifo1.data_in\[2\],16.54
fifo2.mem\[1\]\[0\],16.52
syn.count1\[5\],16.46
fifo3.mem\[3\]\[3\],16.44
regis.internal_parity\[4\],16.365
_1214_,16.34
fifo2.count\[2\],16.34
net155,16.32
_1768_,16.3
fifo1.mem\[7\]\[4\],16.28
_1190_,16.26
_1925_,16.24
fifo2.mem\[14\]\[2\],16.24
_1791_,16.22
_1643_,16.18
fifo1.mem\[9\]\[0\],16.18
net88,16.18
_1966_,16.15
_1658_,16.14
_1302_,16.1
_0906_,16.08
_1414_,16.08
_2052_,16.08
fifo1.mem\[14\]\[5\],16.06
fifo3.mem\[11\]\[4\],16.06
fifo3.mem\[4\]\[0\],16.02
net219,16.02
_0954_,16
_1348_,15.98
fifo2.mem\[1\]\[7\],15.98
_1082_,15.9
_1306_,15.9
fifo1.mem\[5\]\[0\],15.88
fifo3.mem\[15\]\[6\],15.88
_0237_,15.725
_0358_,15.725
_1368_,15.72
_1696_,15.72
_1918_,15.72
fifo1.mem\[0\]\[0\],15.68
regis.fifo_full_state\[1\],15.68
_1243_,15.66
net138,15.58
_1503_,15.56
_0883_,15.52
_1326_,15.52
net221,15.5
fifo2.mem\[4\]\[1\],15.48
fifo1.mem\[13\]\[1\],15.44
fifo2.wr_pointer\[2\],15.44
data_out_1[4],15.4
fifo2.mem\[0\]\[3\],15.38
fifo3.mem\[11\]\[7\],15.38
fifo1.mem\[4\]\[6\],15.34
fifo3.mem\[15\]\[5\],15.34
_0132_,15.305
_1877_,15.3
fifo2.mem\[15\]\[7\],15.24
_1510_,15.22
fifo3.mem\[0\]\[1\],15.22
fsm1.present_state\[4\],15.22
regis.packet_parity\[5\],15.22
_1402_,15.18
net76,15.18
net303,15.16
_1164_,15.12
fifo3.mem\[2\]\[3\],15.1
_1865_,15.04
fifo1.temp,15.02
net194,15.02
_0296_,14.965
fifo1.mem\[2\]\[5\],14.94
_0234_,14.925
_1476_,14.92
net253,14.92
_0375_,14.905
_0647_,14.9
fifo2.mem\[5\]\[6\],14.9
fifo2.mem\[6\]\[3\],14.9
net22,14.88
fifo1.mem\[7\]\[5\],14.86
_0188_,14.845
_1607_,14.82
_1260_,14.8
net98,14.8
_1926_,14.78
_2045_,14.78
fifo1.mem\[4\]\[0\],14.78
_2060_,14.76
fifo1.mem\[0\]\[5\],14.76
fifo3.mem\[5\]\[0\],14.76
_1409_,14.74
net232,14.72
_1246_,14.7
_1571_,14.68
fifo1.mem\[15\]\[2\],14.68
regis.fifo_full_state\[4\],14.64
_0548_,14.585
_1036_,14.54
fifo2.mem\[10\]\[1\],14.53
fifo1.mem\[2\]\[1\],14.525
_0650_,14.52
fifo1.mem\[1\]\[8\],14.52
_1778_,14.48
_0130_,14.475
_1267_,14.46
net300,14.44
fifo1.mem\[6\]\[1\],14.385
regis.internal_parity\[6\],14.36
_1329_,14.34
_1641_,14.34
_1802_,14.34
fifo2.mem\[11\]\[3\],14.34
_1385_,14.32
fifo3.mem\[15\]\[4\],14.32
fifo1.mem\[12\]\[8\],14.3
fifo1.mem\[1\]\[3\],14.3
fifo1.mem\[4\]\[3\],14.3
_0295_,14.225
_0635_,14.22
_0287_,14.205
_2022_,14.2
fifo1.mem\[0\]\[1\],14.2
net172,14.2
_0908_,14.18
_1265_,14.18
_0314_,14.175
_1715_,14.17
_1785_,14.16
_0592_,14.145
net331,14.14
_1078_,14.125
fifo1.mem\[11\]\[5\],14.12
fifo1.mem\[8\]\[0\],14.06
_0268_,14.04
net139,14.04
_1919_,14.02
_1044_,14
_1914_,14
fifo3.mem\[0\]\[5\],14
fifo3.mem\[6\]\[1\],13.985
_0388_,13.965
_0982_,13.96
_1167_,13.96
fifo2.mem\[12\]\[2\],13.96
_1328_,13.94
fifo2.mem\[2\]\[5\],13.94
_2049_,13.92
_1081_,13.9
_0714_,13.88
fifo2.mem\[0\]\[4\],13.88
_1002_,13.86
fifo1.mem\[3\]\[0\],13.84
_1887_,13.8
_0593_,13.765
_0230_,13.725
fifo3.mem\[0\]\[8\],13.72
fifo3.mem\[11\]\[8\],13.72
net197,13.72
_0865_,13.71
_1443_,13.68
net53,13.66
_1840_,13.64
_1940_,13.64
fifo1.mem\[11\]\[4\],13.62
fifo2.mem\[12\]\[1\],13.62
_0187_,13.605
_0662_,13.58
_1507_,13.56
_1689_,13.56
net230,13.54
_1766_,13.525
_1236_,13.5
_1717_,13.5
_1900_,13.5
fifo1.mem\[2\]\[4\],13.5
fifo2.mem\[13\]\[5\],13.5
_1837_,13.48
fifo1.mem\[14\]\[3\],13.48
_1921_,13.46
net69,13.46
fifo1.mem\[2\]\[0\],13.425
_1621_,13.42
_1627_,13.42
net72,13.42
_1357_,13.4
_0611_,13.38
_0708_,13.38
_0641_,13.375
_0585_,13.365
_1165_,13.36
fifo2.mem\[1\]\[1\],13.34
fifo3.mem\[14\]\[6\],13.34
_1015_,13.32
fifo1.mem\[6\]\[7\],13.31
_1955_,13.3
fifo1.mem\[15\]\[7\],13.3
net245,13.3
_0349_,13.265
fifo1.mem\[13\]\[5\],13.26
_1297_,13.24
net335,13.24
fifo3.mem\[4\]\[8\],13.22
fifo3.mem\[5\]\[8\],13.22
_0177_,13.205
fifo1.mem\[14\]\[2\],13.16
fifo2.mem\[2\]\[4\],13.16
_0664_,13.14
_1894_,13.14
_0197_,13.125
fifo2.mem\[14\]\[5\],13.12
_0890_,13.1
_0696_,13.095
_0792_,13.08
_1988_,13.08
fifo3.mem\[6\]\[4\],13.08
net189,13.08
_1968_,13.06
net345,13.06
_1305_,13.04
_1563_,13.04
_1638_,13.04
_1896_,13.04
_1057_,13.02
_1427_,13.02
fifo2.mem\[12\]\[8\],13.02
fifo2.mem\[9\]\[1\],13.02
fifo1.mem\[10\]\[4\],13
_1535_,12.98
net274,12.96
fifo2.mem\[15\]\[6\],12.94
fifo3.mem\[9\]\[6\],12.94
_0205_,12.925
_2061_,12.92
_1062_,12.9
fifo1.mem\[8\]\[1\],12.9
_1688_,12.88
fifo3.mem\[9\]\[1\],12.88
fifo2.mem\[4\]\[6\],12.84
fifo1.mem\[5\]\[8\],12.82
net111,12.82
_0931_,12.815
fifo1.data_in\[6\],12.8
fifo3.mem\[11\]\[1\],12.8
fifo1.mem\[1\]\[5\],12.78
_0824_,12.765
_1652_,12.76
fifo3.mem\[1\]\[3\],12.76
_1067_,12.74
_1794_,12.74
fifo3.mem\[7\]\[5\],12.74
_1353_,12.72
_0912_,12.7
_1410_,12.7
_1718_,12.7
_0348_,12.685
_0032_,12.665
_0583_,12.665
_0653_,12.66
fifo1.mem\[3\]\[5\],12.66
fifo1.mem\[7\]\[0\],12.66
regis.fifo_full_state\[6\],12.66
_1834_,12.64
fifo1.mem\[3\]\[7\],12.64
net145,12.64
_0215_,12.625
fifo2.mem\[0\]\[5\],12.62
net279,12.6
_0371_,12.585
_0720_,12.58
_0887_,12.58
_1654_,12.58
_1957_,12.58
fifo1.mem\[6\]\[0\],12.565
fifo3.mem\[14\]\[0\],12.545
_0059_,12.525
_0677_,12.52
_1136_,12.52
_1662_,12.52
fifo3.mem\[4\]\[1\],12.52
net116,12.52
_1440_,12.51
_0194_,12.505
_1356_,12.5
fifo1.mem\[4\]\[2\],12.5
_0801_,12.48
fifo2.mem\[4\]\[0\],12.46
fifo3.mem\[3\]\[4\],12.46
net304,12.42
_0035_,12.405
_1601_,12.38
_1795_,12.38
net243,12.38
fifo1.mem\[2\]\[7\],12.345
fifo3.mem\[15\]\[3\],12.34
fifo1.mem\[6\]\[8\],12.32
_1743_,12.3
fifo2.mem\[13\]\[4\],12.3
_0951_,12.26
_1386_,12.26
_1704_,12.26
fifo2.mem\[15\]\[4\],12.24
fifo2.mem\[5\]\[2\],12.24
fifo3.mem\[3\]\[8\],12.24
_0030_,12.205
_1528_,12.2
fifo1.mem\[0\]\[8\],12.2
net182,12.2
_0602_,12.185
_2017_,12.18
_1166_,12.16
fifo1.mem\[4\]\[8\],12.14
fifo1.mem\[7\]\[2\],12.14
_1146_,12.12
fifo1.mem\[13\]\[6\],12.12
fifo1.mem\[11\]\[7\],12.1
fifo1.mem\[5\]\[5\],12.1
_0451_,12.085
_0651_,12.08
_1848_,12.06
net234,12.06
_0331_,12.045
fifo2.mem\[6\]\[0\],12.045
_1986_,12.04
fifo1.mem\[4\]\[5\],12.04
fifo3.mem\[1\]\[0\],12.04
fifo3.mem\[4\]\[7\],12.04
_0261_,12.025
_0251_,12
_2039_,11.96
fifo3.mem\[11\]\[3\],11.96
_0893_,11.95
_0301_,11.945
net324,11.94
_1007_,11.92
_1622_,11.92
net260,11.92
_1552_,11.88
fifo1.mem\[8\]\[4\],11.88
fifo3.mem\[0\]\[3\],11.88
net60,11.88
_0588_,11.865
_1546_,11.86
fifo2.mem\[12\]\[0\],11.86
_1224_,11.84
net166,11.84
_1381_,11.82
read_enb_1,11.82
read_enb_2,11.82
fifo2.mem\[13\]\[8\],11.8
_1468_,11.78
_2006_,11.78
fifo2.mem\[11\]\[4\],11.78
net133,11.78
_0414_,11.745
_1473_,11.74
fifo3.mem\[9\]\[2\],11.74
_0877_,11.72
_0909_,11.7
_2055_,11.7
regis.fifo_full_state\[5\],11.7
net340,11.7
_1289_,11.68
_1512_,11.68
_1726_,11.68
net74,11.68
net296,11.68
_1064_,11.66
_1843_,11.66
net18,11.66
net100,11.66
net147,11.64
_1366_,11.63
_0346_,11.625
_1332_,11.62
fifo3.mem\[5\]\[7\],11.62
net94,11.62
_2027_,11.6
_0578_,11.585
fifo2.mem\[2\]\[7\],11.585
_0661_,11.58
fifo2.mem\[0\]\[8\],11.58
fifo3.mem\[0\]\[6\],11.58
fifo1.rd_pointer\[0\],11.56
_0276_,11.545
_1241_,11.54
_0596_,11.52
_2042_,11.5
fifo2.mem\[3\]\[1\],11.5
net207,11.5
_0551_,11.485
_0274_,11.48
net333,11.48
_1335_,11.46
_1157_,11.455
_1516_,11.44
net131,11.44
_1659_,11.4
_1406_,11.38
_2066_,11.38
_0220_,11.365
_0493_,11.365
_1423_,11.36
_2059_,11.36
net307,11.36
_0364_,11.345
_1628_,11.32
fifo1.mem\[3\]\[3\],11.32
_0885_,11.3
net109,11.3
_0554_,11.285
_0705_,11.28
_2080_,11.28
fifo1.mem\[10\]\[8\],11.28
fifo2.mem\[6\]\[7\],11.265
_1363_,11.26
fifo1.mem\[3\]\[2\],11.26
fifo1.mem\[3\]\[8\],11.26
fifo3.mem\[4\]\[6\],11.26
_0470_,11.245
_0889_,11.24
_1470_,11.24
_1543_,11.22
_1736_,11.18
fifo2.count\[6\],11.175
_0214_,11.165
_0689_,11.16
fifo2.mem\[11\]\[0\],11.16
fifo1.mem\[7\]\[1\],11.14
net312,11.14
_0559_,11.125
_1240_,11.12
net177,11.12
_1686_,11.08
net215,11.08
net299,11.08
net328,11.08
_0683_,11.06
fifo1.mem\[13\]\[3\],11.04
_0587_,10.995
net214,10.99
fifo1.mem\[0\]\[4\],10.96
fifo2.mem\[12\]\[5\],10.96
fifo2.mem\[3\]\[4\],10.96
fifo3.mem\[6\]\[2\],10.96
_0078_,10.945
_0615_,10.92
_0704_,10.9
net51,10.9
_0037_,10.885
_0614_,10.88
_1171_,10.88
_1228_,10.88
fifo2.mem\[15\]\[5\],10.88
_1352_,10.86
fifo1.mem\[10\]\[0\],10.86
fifo1.mem\[10\]\[6\],10.86
fifo3.mem\[5\]\[6\],10.85
_1505_,10.84
fifo3.mem\[15\]\[1\],10.84
_0445_,10.825
_1698_,10.82
_0204_,10.785
fifo3.mem\[6\]\[8\],10.785
_0952_,10.78
_1793_,10.78
_1797_,10.78
_1852_,10.78
_1876_,10.78
_1960_,10.78
regis.fifo_full_state\[3\],10.78
net209,10.78
_1452_,10.76
net58,10.76
fifo2.mem\[2\]\[8\],10.745
_0612_,10.74
fifo1.mem\[12\]\[2\],10.74
fifo3.mem\[6\]\[7\],10.74
_0911_,10.72
_0919_,10.72
_1129_,10.7
_1496_,10.7
_1614_,10.7
_1728_,10.7
_1987_,10.7
net277,10.7
_0359_,10.68
_1682_,10.68
fifo2.mem\[13\]\[2\],10.64
fifo1.mem\[12\]\[6\],10.62
_0062_,10.605
_0367_,10.6
_1589_,10.6
_1695_,10.6
_0366_,10.565
_1639_,10.56
_1573_,10.54
net160,10.54
fifo2.mem\[3\]\[3\],10.5
fifo3.mem\[6\]\[3\],10.5
_0475_,10.485
net291,10.48
_1519_,10.46
_1796_,10.46
net211,10.46
net271,10.46
_0283_,10.425
_1197_,10.42
_1415_,10.42
fifo1.count\[6\],10.42
_0793_,10.4
_1112_,10.4
_1358_,10.4
net348,10.4
_0980_,10.38
_1310_,10.38
_0278_,10.365
_0398_,10.365
_0886_,10.36
_1397_,10.34
_0297_,10.325
_0413_,10.325
_1786_,10.32
fifo3.mem\[13\]\[5\],10.32
net107,10.32
net93,10.3
fifo3.mem\[14\]\[1\],10.285
_1829_,10.28
net237,10.28
_0403_,10.26
fifo1.mem\[3\]\[4\],10.26
fifo3.mem\[1\]\[1\],10.26
fifo3.mem\[2\]\[6\],10.26
_0293_,10.245
_1054_,10.22
fifo2.mem\[12\]\[7\],10.22
fifo1.mem\[13\]\[0\],10.2
net233,10.2
net276,10.2
net283,10.18
_0861_,10.17
_0320_,10.165
_1170_,10.16
_1929_,10.16
fifo1.mem\[0\]\[3\],10.16
net268,10.16
_0213_,10.145
_0243_,10.145
_0947_,10.14
_1694_,10.12
_0043_,10.105
_0081_,10.105
_0306_,10.105
_0564_,10.105
_0679_,10.1
_0814_,10.08
_0897_,10.08
fifo3.mem\[15\]\[8\],10.08
_0186_,10.065
_0256_,10.045
fifo1.mem\[12\]\[3\],10.04
fifo3.mem\[11\]\[6\],10.04
fifo3.mem\[2\]\[8\],10.04
fifo3.mem\[1\]\[4\],10.02
_0623_,9.98
_1083_,9.96
_0135_,9.945
_0965_,9.94
fifo1.mem\[5\]\[6\],9.94
fifo2.mem\[5\]\[7\],9.94
fifo3.mem\[2\]\[2\],9.94
fifo3.mem\[3\]\[1\],9.94
_0034_,9.905
_0246_,9.905
_0319_,9.905
_0329_,9.905
_1611_,9.9
_0298_,9.885
fifo3.mem\[7\]\[2\],9.88
net91,9.88
_0053_,9.865
_0232_,9.865
_0321_,9.865
fifo1.mem\[14\]\[1\],9.865
_1602_,9.86
fifo1.mem\[1\]\[4\],9.86
fifo2.mem\[1\]\[6\],9.86
fifo3.mem\[15\]\[0\],9.86
_0025_,9.845
_0400_,9.845
_0377_,9.825
fifo2.mem\[11\]\[7\],9.82
_0345_,9.805
_1741_,9.78
fifo3.mem\[4\]\[2\],9.78
_0638_,9.74
_0629_,9.72
_1526_,9.72
_1723_,9.72
fifo3.mem\[14\]\[7\],9.705
_0644_,9.7
_1635_,9.7
_2034_,9.7
fifo3.mem\[10\]\[5\],9.7
fifo3.mem\[8\]\[7\],9.7
fifo1.mem\[10\]\[1\],9.68
fifo2.mem\[12\]\[3\],9.66
_0399_,9.645
_0530_,9.645
_1734_,9.64
_1871_,9.64
data_out_0[0],9.64
data_out_0[7],9.64
data_out_1[0],9.64
data_out_2[2],9.64
net319,9.64
net320,9.64
_0702_,9.6
fifo3.mem\[14\]\[4\],9.58
_1355_,9.54
_1455_,9.52
_1575_,9.52
_1984_,9.52
_2088_,9.52
read_enb_0,9.52
net191,9.52
_1161_,9.5
net201,9.5
_0549_,9.48
_1147_,9.48
_1331_,9.48
_1469_,9.48
_1954_,9.48
_0189_,9.465
_0257_,9.465
_0397_,9.465
_0562_,9.465
_1394_,9.46
_0203_,9.445
_0332_,9.445
_0500_,9.44
_0891_,9.44
_1206_,9.44
_1678_,9.44
fifo2.mem\[3\]\[0\],9.44
_1673_,9.42
_1790_,9.42
_1604_,9.4
_1671_,9.4
_1872_,9.4
_1943_,9.4
fifo2.mem\[11\]\[5\],9.4
fifo3.mem\[6\]\[5\],9.4
fifo3.mem\[6\]\[6\],9.4
_1033_,9.38
net343,9.37
_1010_,9.36
fifo1.wr_pointer\[3\],9.36
regis.fifo_full_state\[0\],9.36
net32,9.36
net132,9.36
_1889_,9.34
_0489_,9.325
_1309_,9.32
fifo1.mem\[13\]\[4\],9.32
_0419_,9.3
_0521_,9.3
_0544_,9.3
_1713_,9.3
net278,9.3
fifo2.mem\[4\]\[7\],9.28
net261,9.28
_0946_,9.24
_1697_,9.24
fifo1.mem\[8\]\[2\],9.24
fifo2.mem\[12\]\[4\],9.24
fifo3.mem\[1\]\[6\],9.24
_0555_,9.225
_0570_,9.22
_1869_,9.2
_0040_,9.185
_1030_,9.18
net257,9.18
_0950_,9.16
_1271_,9.16
_0406_,9.145
_0807_,9.14
_0935_,9.14
fifo3.mem\[2\]\[5\],9.14
_0179_,9.125
_0242_,9.125
_0411_,9.125
_1744_,9.12
_1393_,9.1
regis.fifo_full_state\[2\],9.08
net280,9.08
_1396_,9.06
net86,9.06
net225,9.06
_2030_,9.04
net149,9.04
_1533_,9.02
fifo1.data_in\[1\],9.02
fifo1.mem\[9\]\[5\],9.02
fifo3.mem\[13\]\[3\],9.02
net128,9.02
_0166_,8.985
_0250_,8.985
_0327_,8.985
_2033_,8.98
fifo1.mem\[0\]\[7\],8.98
_1292_,8.96
_2057_,8.96
data_out_2[1],8.96
data_out_2[4],8.96
net164,8.96
_0393_,8.945
_0607_,8.94
_1145_,8.94
_1254_,8.94
_1517_,8.94
_1555_,8.94
net21,8.94
data_out_0[3],8.93
_0632_,8.92
_1374_,8.92
_1290_,8.9
_1378_,8.9
_1500_,8.9
_2083_,8.9
fifo2.mem\[14\]\[6\],8.88
_0979_,8.86
_1261_,8.84
data_in[0],8.84
data_in[4],8.84
_1333_,8.82
_1564_,8.82
fifo2.mem\[4\]\[8\],8.82
net321,8.82
_0322_,8.8
_0323_,8.8
_0430_,8.785
_0977_,8.78
_1034_,8.78
_1680_,8.78
_2064_,8.78
fifo1.mem\[11\]\[2\],8.78
fifo1.mem\[2\]\[2\],8.78
fifo1.mem\[3\]\[1\],8.78
fifo3.mem\[10\]\[3\],8.78
_0036_,8.765
_0497_,8.765
_0387_,8.76
net85,8.74
net281,8.74
net308,8.74
_0192_,8.725
_1087_,8.72
_1656_,8.72
busy,8.72
data_in[6],8.72
data_in[7],8.72
data_out_1[3],8.72
data_out_1[7],8.72
resetn,8.72
net346,8.72
net199,8.71
_0169_,8.7
fifo3.mem\[9\]\[3\],8.7
_0290_,8.685
_1405_,8.68
_1675_,8.68
_1701_,8.68
_0808_,8.66
_1308_,8.63
_0302_,8.625
_1767_,8.62
_0092_,8.605
_1174_,8.6
_1977_,8.6
net188,8.6
net286,8.6
_0710_,8.58
_1499_,8.58
net63,8.58
net287,8.58
_1099_,8.575
_1031_,8.56
_1072_,8.56
_1133_,8.56
_1859_,8.56
fifo3.mem\[11\]\[0\],8.56
net78,8.56
fifo1.mem\[5\]\[2\],8.54
_0247_,8.525
_0382_,8.525
_0410_,8.525
_0508_,8.525
_0622_,8.52
_0672_,8.52
_0970_,8.52
_1951_,8.52
fifo1.mem\[14\]\[4\],8.52
_1231_,8.5
_0581_,8.485
_0953_,8.48
_1484_,8.48
fifo1.mem\[13\]\[2\],8.48
net16,8.48
net196,8.48
net309,8.48
fifo1.mem\[6\]\[6\],8.47
_0330_,8.445
_1045_,8.44
_1074_,8.44
_2065_,8.44
fifo1.mem\[1\]\[1\],8.44
_1012_,8.42
_1219_,8.42
_1475_,8.42
_0409_,8.405
_0586_,8.405
fifo2.mem\[10\]\[6\],8.405
_1910_,8.4
_1931_,8.4
_0369_,8.38
_1061_,8.38
_0049_,8.365
_0876_,8.36
net315,8.36
_0161_,8.34
fifo3.mem\[10\]\[7\],8.34
fifo1.mem\[11\]\[8\],8.32
fifo2.mem\[13\]\[3\],8.32
fifo2.mem\[3\]\[6\],8.32
fifo2.mem\[8\]\[7\],8.32
net248,8.32
_0584_,8.305
_0165_,8.285
_0334_,8.285
net20,8.26
net28,8.26
net227,8.26
_1021_,8.24
fifo1.mem\[10\]\[2\],8.24
fifo2.mem\[4\]\[4\],8.24
fifo3.mem\[3\]\[6\],8.22
fifo1.mem\[7\]\[8\],8.21
_0131_,8.205
_0561_,8.205
_1086_,8.2
fifo2.mem\[4\]\[5\],8.2
_0510_,8.165
_1354_,8.16
net143,8.16
_0148_,8.145
_0565_,8.145
_1242_,8.14
_1262_,8.14
_1398_,8.14
_1746_,8.14
fifo2.mem\[14\]\[8\],8.14
net55,8.14
net59,8.14
net118,8.14
net255,8.14
_0401_,8.125
net323,8.12
_0646_,8.1
_1709_,8.1
_1730_,8.1
_1810_,8.1
_1901_,8.1
fifo2.mem\[13\]\[1\],8.1
net83,8.1
net176,8.1
_0191_,8.065
_0444_,8.065
_0600_,8.065
_0845_,8.06
_0849_,8.06
_1003_,8.06
_1471_,8.06
_1735_,8.06
_1585_,8.04
data_out_0[4],8.04
data_out_2[5],8.04
error,8.04
_1629_,8.03
_0473_,8.025
_0526_,8.025
fifo1.mem\[2\]\[8\],8.025
_0771_,8.02
_0810_,8.02
_2024_,8.02
fifo3.mem\[0\]\[2\],8.02
net124,8.02
net144,8.02
net161,8.02
fifo1.mem\[8\]\[7\],8
net14,7.98
fifo1.mem\[7\]\[7\],7.97
_1384_,7.945
_1407_,7.94
fifo2.mem\[3\]\[2\],7.94
_0027_,7.92
_0929_,7.92
_1287_,7.92
net332,7.92
_0277_,7.915
fifo2.mem\[9\]\[2\],7.9
_0023_,7.88
_1046_,7.88
_1263_,7.88
_0012_,7.865
fifo1.mem\[8\]\[5\],7.86
_0022_,7.845
_0039_,7.845
_0185_,7.845
_0402_,7.845
_0483_,7.845
_0208_,7.805
net122,7.8
net216,7.8
_0815_,7.78
_0224_,7.745
_0888_,7.74
_1037_,7.74
fifo1.mem\[8\]\[6\],7.74
fifo2.mem\[4\]\[3\],7.74
_0272_,7.735
net210,7.72
net112,7.7
net218,7.7
net270,7.7
_0113_,7.685
_0916_,7.68
_0918_,7.68
_1258_,7.68
_1950_,7.68
fifo1.mem\[10\]\[3\],7.68
net322,7.68
_1408_,7.66
fifo3.mem\[13\]\[6\],7.66
fifo3.mem\[5\]\[2\],7.66
net95,7.66
fifo3.mem\[1\]\[2\],7.655
_0636_,7.64
_0949_,7.64
_1905_,7.64
_2100_,7.64
fifo2.mem\[13\]\[0\],7.64
_0255_,7.625
_0238_,7.62
_0273_,7.605
_0556_,7.605
_0567_,7.605
_1209_,7.6
_1458_,7.6
_1784_,7.6
_2079_,7.6
net140,7.6
_1049_,7.58
net285,7.58
net342,7.58
_0015_,7.565
_1237_,7.56
fifo2.mem\[13\]\[6\],7.56
fifo3.mem\[14\]\[2\],7.56
fifo3.mem\[9\]\[5\],7.56
net115,7.56
net119,7.56
net180,7.56
net247,7.56
_0429_,7.545
_0153_,7.54
_0300_,7.535
_0441_,7.525
_1051_,7.52
_2002_,7.52
net35,7.52
net240,7.52
_0240_,7.485
_1019_,7.48
_1633_,7.48
_2099_,7.46
fifo2.mem\[14\]\[3\],7.46
net84,7.46
_1342_,7.44
_0182_,7.42
_1239_,7.42
_2071_,7.42
_2097_,7.42
_1584_,7.4
fifo1.mem\[5\]\[3\],7.4
_0101_,7.385
_0355_,7.385
_0563_,7.365
_0881_,7.36
net57,7.36
_0207_,7.345
_0216_,7.345
_0504_,7.345
_0550_,7.345
net284,7.32
_0456_,7.305
_0560_,7.305
_1252_,7.3
_1201_,7.28
fifo1.mem\[12\]\[4\],7.28
fifo2.mem\[7\]\[2\],7.28
_0420_,7.265
_1151_,7.26
_1666_,7.24
net208,7.24
_0896_,7.22
net65,7.22
net134,7.22
_1275_,7.2
_1298_,7.18
_1549_,7.18
_1740_,7.18
net259,7.18
_1439_,7.17
_1732_,7.17
_0133_,7.145
_0206_,7.145
_0312_,7.145
_0357_,7.145
_0907_,7.14
_1761_,7.14
net256,7.12
net290,7.12
net327,7.115
_0085_,7.105
_0552_,7.105
_1377_,7.1
_1664_,7.1
_1752_,7.1
_2076_,7.1
fifo1.mem\[2\]\[6\],7.1
fifo3.rd_pointer\[0\],7.1
net127,7.1
net223,7.1
_0531_,7.09
_1283_,7.08
fifo3.mem\[8\]\[5\],7.08
_0655_,7.06
_0666_,7.06
_0984_,7.06
_1065_,7.06
_1351_,7.06
_1497_,7.06
_1610_,7.06
_1011_,7.04
_0013_,7.025
_0482_,7.025
_0525_,7.02
_0315_,7
_0621_,7
_1229_,7
_1559_,6.98
_1742_,6.98
_2090_,6.98
fifo1.mem\[1\]\[6\],6.98
fifo1.mem\[3\]\[6\],6.98
net162,6.98
_0077_,6.96
_0106_,6.96
fifo3.mem\[14\]\[8\],6.945
_1205_,6.94
_1327_,6.94
fifo1.mem\[1\]\[0\],6.94
fifo1.mem\[8\]\[3\],6.94
_0362_,6.935
_0304_,6.925
_0408_,6.925
_1949_,6.9
_2062_,6.86
net150,6.86
_0265_,6.79
_0848_,6.78
net108,6.78
net126,6.78
net170,6.78
net178,6.78
net195,6.78
net204,6.78
net235,6.78
net288,6.78
_0184_,6.765
_0795_,6.76
_0964_,6.76
_1018_,6.76
_1073_,6.76
_1764_,6.76
_2038_,6.76
fifo1.mem\[1\]\[7\],6.76
net71,6.76
net103,6.76
net241,6.76
net311,6.76
_1321_,6.74
_1449_,6.74
_0316_,6.725
_0892_,6.72
_0933_,6.72
_0941_,6.72
_1387_,6.72
_1716_,6.72
_2068_,6.72
fifo2.mem\[14\]\[7\],6.72
net114,6.72
net326,6.72
fifo1.mem\[14\]\[0\],6.71
_0394_,6.685
_0407_,6.685
_0505_,6.685
_0523_,6.685
_0595_,6.685
_1800_,6.68
fifo3.mem\[5\]\[3\],6.68
_0541_,6.67
_1013_,6.66
_1971_,6.66
net329,6.66
_0033_,6.645
_0068_,6.645
_0598_,6.645
_0914_,6.64
_1014_,6.64
_1216_,6.64
_1892_,6.64
_2091_,6.64
fifo3.mem\[3\]\[2\],6.64
net341,6.64
fifo3.mem\[10\]\[6\],6.62
_0819_,6.6
_1400_,6.6
_1770_,6.6
_1938_,6.6
net305,6.6
_0342_,6.565
pkt_valid,6.55
_0120_,6.54
_0121_,6.54
_0383_,6.54
_0569_,6.54
_1874_,6.54
_0381_,6.525
_0817_,6.52
_1411_,6.52
_1595_,6.52
_2023_,6.52
fifo1.rd_pointer\[4\],6.52
fifo2.mem\[3\]\[7\],6.52
_0126_,6.5
_0468_,6.5
regis.fifo_full_state\[7\],6.5
_0139_,6.485
_0280_,6.485
_0057_,6.475
_0253_,6.445
_0566_,6.445
data_in[2],6.43
data_out_1[6],6.43
_0269_,6.425
_0395_,6.425
_1401_,6.4
net249,6.38
_0052_,6.365
_0086_,6.365
_0087_,6.365
_0151_,6.365
_0226_,6.365
_0333_,6.365
_0094_,6.325
_0465_,6.325
_1454_,6.32
net338,6.32
_0923_,6.3
_1763_,6.3
net52,6.3
net99,6.3
net106,6.3
net183,6.3
net222,6.3
net273,6.3
net310,6.3
_1294_,6.28
_1818_,6.28
fifo3.mem\[4\]\[4\],6.28
net263,6.27
_0069_,6.265
_1017_,6.26
_1724_,6.26
_1990_,6.26
_2021_,6.26
fifo1.mem\[14\]\[6\],6.26
_0093_,6.225
_0352_,6.225
_0379_,6.225
_0418_,6.225
_0480_,6.225
_0512_,6.225
_0553_,6.225
data_out_0[1],6.21
data_out_0[6],6.21
_0904_,6.2
_1052_,6.2
fifo3.mem\[4\]\[5\],6.2
net251,6.2
_0351_,6.185
_0343_,6.18
_1626_,6.18
_1777_,6.18
fifo2.mem\[13\]\[7\],6.18
fifo3.mem\[8\]\[4\],6.18
net181,6.18
net200,6.18
_0286_,6.16
_1737_,6.16
fifo1.mem\[5\]\[4\],6.16
fifo1.mem\[14\]\[8\],6.145
_0019_,6.14
_0697_,6.14
_1063_,6.14
_1311_,6.14
_1391_,6.14
fifo3.mem\[9\]\[0\],6.14
net23,6.14
net77,6.14
fifo3.mem\[5\]\[4\],6.12
_0225_,6.105
_0443_,6.1
_0423_,6.08
_1493_,6.08
_1574_,6.08
_0435_,6.065
_0901_,6.06
_1338_,6.06
fifo2.mem\[3\]\[8\],6.06
_0479_,6.04
_0095_,6.025
_0173_,6.025
_0289_,6.025
_0292_,6.025
_0326_,6.025
_0601_,6.025
_1787_,6.02
_0080_,6.005
_0219_,6.005
_0540_,6.005
_0044_,5.985
_0542_,5.985
net102,5.98
net123,5.98
net173,5.98
net262,5.98
net267,5.98
net293,5.98
_0158_,5.965
_0227_,5.965
_0070_,5.96
_1100_,5.96
_1124_,5.96
_0390_,5.945
_0252_,5.94
_1163_,5.94
fifo2.mem\[11\]\[8\],5.94
net226,5.94
_1312_,5.92
_0072_,5.905
_0524_,5.905
_0604_,5.905
_0236_,5.865
_0547_,5.865
_1116_,5.86
_1521_,5.86
_1821_,5.86
_1979_,5.86
fifo3.mem\[13\]\[4\],5.86
_0997_,5.84
_1000_,5.84
_1186_,5.84
_1459_,5.84
_1765_,5.84
_1897_,5.84
net104,5.84
net117,5.84
_0639_,5.82
_1134_,5.82
_1278_,5.82
_0128_,5.805
_0267_,5.8
_0643_,5.8
_0880_,5.8
_1130_,5.8
_1421_,5.8
_1780_,5.8
net167,5.8
net244,5.8
_0196_,5.765
_0239_,5.765
_0308_,5.765
_0384_,5.765
valid_out_2,5.75
_0915_,5.74
_1389_,5.74
_1913_,5.74
_0136_,5.725
_0200_,5.725
_0282_,5.725
_0667_,5.72
_0818_,5.72
net206,5.72
net282,5.72
net318,5.72
_0318_,5.705
_0361_,5.705
_0498_,5.705
_0127_,5.7
_0175_,5.7
_1135_,5.7
_1043_,5.68
_1076_,5.68
_1154_,5.68
_1457_,5.68
net275,5.68
_0211_,5.645
_0506_,5.645
_1388_,5.63
_0421_,5.605
_1511_,5.6
_1885_,5.6
fifo1.mem\[11\]\[6\],5.6
fifo3.mem\[4\]\[3\],5.6
net101,5.6
_0157_,5.58
_0385_,5.58
_0905_,5.58
fifo1.mem\[2\]\[3\],5.56
fifo2.mem\[0\]\[2\],5.56
fifo2.mem\[0\]\[6\],5.56
fifo3.mem\[15\]\[7\],5.56
_0051_,5.545
_0440_,5.545
data_out_1[5],5.53
data_out_2[0],5.53
data_out_2[6],5.53
valid_out_1,5.53
_1792_,5.52
net121,5.52
net157,5.52
net174,5.52
net186,5.52
net187,5.52
net246,5.52
net334,5.52
_0288_,5.505
_0872_,5.48
_1001_,5.48
fifo3.mem\[14\]\[3\],5.44
_0228_,5.435
_0045_,5.425
_0074_,5.425
_1039_,5.41
_0948_,5.4
_1343_,5.4
_1798_,5.4
_1920_,5.4
net289,5.4
_0017_,5.38
_0675_,5.38
_1071_,5.38
_1222_,5.38
_1299_,5.38
_1383_,5.38
fifo2.mem\[5\]\[3\],5.38
fifo3.mem\[10\]\[2\],5.38
net81,5.38
net96,5.38
net153,5.38
net242,5.38
_1762_,5.375
_0279_,5.345
_0985_,5.34
_1230_,5.34
_1886_,5.34
_1956_,5.34
_1997_,5.34
data_in[5],5.31
_0047_,5.305
_0097_,5.305
_0124_,5.305
_0221_,5.305
_0307_,5.305
_0412_,5.305
_0462_,5.305
_0518_,5.305
_0245_,5.28
_0718_,5.28
_1811_,5.28
_0142_,5.265
_0425_,5.26
_1068_,5.26
_1084_,5.26
_1281_,5.26
_1304_,5.26
_1392_,5.26
_1403_,5.26
_0472_,5.245
_0538_,5.245
_0606_,5.24
_1207_,5.22
net38,5.22
net297,5.22
data_in[1],5.19
valid_out_0,5.19
_0198_,5.185
_0347_,5.185
_0535_,5.185
_0471_,5.18
_0024_,5.16
_0098_,5.16
_0262_,5.16
_0594_,5.16
_1148_,5.16
_1367_,5.16
_1618_,5.16
_1004_,5.14
_1591_,5.14
regis.packet_parity\[1\],5.14
_2077_,5.12
_0164_,5.085
_0249_,5.085
_0324_,5.085
_0353_,5.085
data_out_2[3],5.07
data_out_2[7],5.07
_0903_,5.06
net97,5.06
net110,5.06
net120,5.06
net125,5.06
net229,5.06
net330,5.06
net339,5.06
_0374_,5.045
_0422_,5.045
_1085_,5.04
_1318_,5.04
_2014_,5.02
fifo1.mem\[11\]\[3\],5.02
net141,5.02
_0428_,5.005
_0350_,4.985
_0235_,4.965
_0313_,4.965
_0064_,4.925
_0096_,4.925
_0843_,4.92
_1345_,4.92
_1350_,4.92
_1606_,4.92
_1980_,4.92
_1982_,4.92
fifo2.mem\[5\]\[5\],4.92
net66,4.92
net159,4.92
net165,4.92
net205,4.92
net252,4.92
_0172_,4.905
_0700_,4.88
_1769_,4.88
_1842_,4.88
_1911_,4.88
_2096_,4.88
fifo2.mem\[14\]\[1\],4.88
data_out_0[5],4.85
_0041_,4.845
_0099_,4.845
_0117_,4.845
_0149_,4.845
_0199_,4.845
_0263_,4.845
_0354_,4.845
_0453_,4.845
_0529_,4.845
_0557_,4.845
_0806_,4.82
_0940_,4.82
_1482_,4.82
_1927_,4.82
_1127_,4.8
_1590_,4.8
_1881_,4.8
_1912_,4.8
_2016_,4.8
net158,4.8
_0945_,4.76
_1583_,4.76
_1663_,4.76
_2029_,4.76
_1266_,4.75
_0042_,4.725
_0281_,4.725
_0522_,4.72
_0082_,4.7
_0496_,4.7
_1313_,4.7
_1631_,4.7
_2041_,4.7
_1156_,4.68
_1833_,4.68
fifo2.mem\[8\]\[8\],4.68
net129,4.68
_0285_,4.675
_1334_,4.67
_0811_,4.66
_0103_,4.635
_0147_,4.625
_0244_,4.625
_0568_,4.625
_0458_,4.605
net50,4.6
net54,4.6
net152,4.6
_0065_,4.585
_1568_,4.58
_0671_,4.56
_0260_,4.555
_1711_,4.54
net337,4.54
_0170_,4.525
_0222_,4.525
_0900_,4.52
_0360_,4.505
_1344_,4.48
_1708_,4.48
_1739_,4.48
_2037_,4.48
_2063_,4.48
_2086_,4.48
net130,4.48
_0695_,4.46
_0787_,4.46
_0978_,4.46
_1047_,4.46
_1218_,4.46
_1422_,4.46
_1899_,4.46
_2067_,4.46
_2092_,4.46
net61,4.46
net79,4.46
net137,4.46
net258,4.46
_1978_,4.44
fifo2.mem\[7\]\[5\],4.44
_0014_,4.425
_0603_,4.425
_0994_,4.42
_1456_,4.42
_1460_,4.42
_1649_,4.42
_0448_,4.405
_0503_,4.405
data_out_1[1],4.39
data_out_1[2],4.39
_0021_,4.385
_0083_,4.385
_0201_,4.385
_0229_,4.385
_0294_,4.385
_0431_,4.385
_0511_,4.385
_0937_,4.36
net62,4.36
net154,4.36
net313,4.345
_1593_,4.34
_1613_,4.34
_1646_,4.34
_1685_,4.34
_1868_,4.34
fifo3.mem\[13\]\[2\],4.34
_0516_,4.325
_0537_,4.265
_0071_,4.24
_0258_,4.24
_0376_,4.24
_1070_,4.24
_1300_,4.24
_1674_,4.24
_0485_,4.22
_0631_,4.22
_0699_,4.22
fifo3.mem\[3\]\[7\],4.22
_2058_,4.2
_0492_,4.195
_0162_,4.165
_0303_,4.165
_0344_,4.165
_0455_,4.165
_0478_,4.165
_0509_,4.165
_0589_,4.165
_0118_,4.145
_0620_,4.14
_0821_,4.14
_1268_,4.14
_1382_,4.14
_1670_,4.14
_2043_,4.14
net80,4.14
net82,4.14
net105,4.14
net202,4.14
net292,4.14
_1755_,4.12
_0707_,4.1
_1162_,4.1
_2093_,4.1
_0264_,4.085
_0427_,4.085
_0248_,4.065
_0018_,4.025
_1661_,4.02
_2001_,4.02
_1088_,4
_1149_,4
_1782_,4
net228,4
_0259_,3.985
_1592_,3.98
fifo2.mem\[4\]\[2\],3.98
_0574_,3.975
_0056_,3.965
_0558_,3.965
_0572_,3.965
_0233_,3.945
data_out_0[2],3.93
_0075_,3.925
_0114_,3.925
_0119_,3.925
_0122_,3.925
_0180_,3.925
_0368_,3.925
_0380_,3.925
_0460_,3.925
_0461_,3.925
_0502_,3.925
_1250_,3.9
_1277_,3.9
_1932_,3.9
_1644_,3.88
net68,3.88
net168,3.88
net325,3.88
_0020_,3.805
_0156_,3.78
_0231_,3.78
_1251_,3.78
_1247_,3.76
fifo1.mem\[0\]\[2\],3.76
_1825_,3.74
_0181_,3.705
_0266_,3.705
_0363_,3.705
_0450_,3.705
_0582_,3.705
_0031_,3.685
_0338_,3.685
_0609_,3.68
_1285_,3.68
net49,3.68
net56,3.68
net75,3.68
net135,3.68
net146,3.68
net151,3.68
net203,3.68
net213,3.68
net217,3.68
net220,3.68
net250,3.68
net269,3.68
net295,3.68
net306,3.68
_0439_,3.66
_1854_,3.66
_1858_,3.66
_1412_,3.64
_0437_,3.635
_0076_,3.605
_0125_,3.605
_0202_,3.605
_0370_,3.605
_0543_,3.565
_0798_,3.56
_1225_,3.56
_1248_,3.56
_1257_,3.56
_1577_,3.56
_1617_,3.56
_1935_,3.56
_2051_,3.56
_1981_,3.545
_0709_,3.54
_0788_,3.54
_0987_,3.54
_0991_,3.54
_0995_,3.54
_1075_,3.54
_1288_,3.54
_1365_,3.54
_1597_,3.54
_1679_,3.54
_1902_,3.54
_1985_,3.54
_2075_,3.54
net344,3.54
_0038_,3.515
_1301_,3.51
_0029_,3.505
_0079_,3.505
_0212_,3.505
_0487_,3.505
_0217_,3.465
_0270_,3.465
_0271_,3.465
_0305_,3.465
_0459_,3.465
_0545_,3.465
_0590_,3.465
_0528_,3.44
_0791_,3.44
_1131_,3.44
fifo3.mem\[5\]\[5\],3.44
_0913_,3.42
_1032_,3.42
_1058_,3.42
_1284_,3.42
_1576_,3.42
_1776_,3.42
_1994_,3.42
_2040_,3.42
_0476_,3.375
_0291_,3.345
_0317_,3.345
_0488_,3.32
_1720_,3.3
_0084_,3.245
_0110_,3.245
_0168_,3.245
_0183_,3.245
_0373_,3.245
_0426_,3.225
_0494_,3.225
_0527_,3.225
_0685_,3.22
_1008_,3.22
_1303_,3.22
_1888_,3.2
_0657_,3.18
_1235_,3.18
_0107_,3.175
_0150_,3.175
_0372_,3.175
_0447_,3.175
_0416_,3.165
_0190_,3.145
_0467_,3.145
_0608_,3.1
_0794_,3.1
_0895_,3.1
_1053_,3.1
_1055_,3.1
_1128_,3.1
_1647_,3.1
_1963_,3.1
_2078_,3.1
_0796_,3.08
_1080_,3.08
_1959_,3.08
fifo1.mem\[14\]\[7\],3.08
net64,3.08
net92,3.08
net113,3.08
net169,3.08
_1581_,3.06
_1599_,3.06
_0154_,3.045
_0310_,3.045
_0446_,3.045
_0573_,3.045
_0090_,3.005
_0163_,3.005
_0210_,3.005
_0311_,3.005
_0484_,3.005
_0579_,3.005
_0599_,3.005
_0054_,2.98
_0481_,2.98
_0998_,2.96
_1009_,2.96
_1132_,2.96
_1269_,2.96
_1307_,2.96
_1315_,2.96
_1498_,2.96
_1684_,2.96
_1747_,2.96
_2102_,2.96
net17,2.96
net19,2.96
net254,2.96
_0016_,2.945
_0055_,2.945
_0100_,2.945
_0116_,2.885
_0167_,2.885
_0160_,2.86
_0178_,2.86
_1515_,2.84
_0028_,2.785
_0067_,2.785
_0091_,2.785
_0108_,2.785
_0143_,2.785
_0144_,2.785
_0241_,2.785
_0452_,2.785
_0999_,2.76
_1020_,2.76
_1024_,2.76
_1376_,2.76
_1884_,2.76
_1906_,2.76
_2013_,2.76
_2054_,2.76
_0048_,2.715
_0061_,2.715
_0209_,2.715
_0223_,2.715
_0597_,2.715
_0686_,2.62
_0846_,2.62
_0973_,2.62
_1006_,2.62
_1028_,2.62
_1066_,2.62
_1578_,2.62
net148,2.62
net212,2.62
net224,2.62
net301,2.62
net336,2.62
_0115_,2.595
_0134_,2.585
_0152_,2.585
_0046_,2.545
_0050_,2.545
_0060_,2.545
_0140_,2.545
_0159_,2.545
_0391_,2.545
_0415_,2.545
_0486_,2.545
_0499_,2.545
_0195_,2.52
_0687_,2.52
_0711_,2.52
_1596_,2.52
_1253_,2.5
_1273_,2.5
_1279_,2.5
_1330_,2.5
_1453_,2.5
_1839_,2.5
_1930_,2.5
net24,2.5
net136,2.5
net294,2.5
_0254_,2.485
_0417_,2.485
_0341_,2.42
_0513_,2.42
_0580_,2.42
_1023_,2.4
_1223_,2.4
_1359_,2.4
_1707_,2.4
_1714_,2.4
_1946_,2.39
_0299_,2.375
_0063_,2.325
_0109_,2.325
_0111_,2.325
_0129_,2.325
_0137_,2.325
_0176_,2.325
_0275_,2.325
_0389_,2.325
_0491_,2.325
_0571_,2.325
_0676_,2.3
_1196_,2.3
_1210_,2.3
_1445_,2.28
_1608_,2.28
_0073_,2.26
_0138_,2.255
_0577_,2.255
_1630_,2.19
_2085_,2.18
_2089_,2.18
net185,2.18
net272,2.18
_1016_,2.16
_1138_,2.16
_1193_,2.16
_1204_,2.16
_1276_,2.16
_1323_,2.16
_1361_,2.16
_1524_,2.16
_1531_,2.16
_1650_,2.16
_1908_,2.16
_1937_,2.16
_1944_,2.16
_2028_,2.16
net298,2.16
_0102_,2.125
_0104_,2.125
_0146_,2.125
_0442_,2.125
_0507_,2.125
_0058_,2.085
_0155_,2.085
_0171_,2.085
_0309_,2.085
_0464_,2.085
_0466_,2.085
_0501_,2.085
_0591_,2.085
_0546_,2.08
_0193_,2.06
_0474_,2.06
_0490_,2.06
_0698_,2.06
_0706_,2.06
_1799_,2.06
_1873_,2.06
_1948_,2.06
_0992_,2.04
_1142_,2.04
_1668_,2.04
_0378_,2.035
_0218_,2.025
_0339_,1.975
_0878_,1.94
_1079_,1.94
_1364_,1.94
_0449_,1.915
_0088_,1.865
_0112_,1.865
_0123_,1.865
_0141_,1.865
_0145_,1.865
_0325_,1.865
_0328_,1.865
_0336_,1.865
_0337_,1.865
_0340_,1.865
_0356_,1.865
_0365_,1.865
_0463_,1.865
_0469_,1.865
_0575_,1.865
_0576_,1.865
_1474_,1.84
_1681_,1.84
_1863_,1.84
net175,1.84
net347,1.84
_1640_,1.82
_1217_,1.72
_1687_,1.72
_1336_,1.7
_1337_,1.7
_1594_,1.7
_1605_,1.7
net67,1.7
net70,1.7
net73,1.7
net239,1.7
_0820_,1.6
_0850_,1.6
_1025_,1.6
_0174_,1.575
_0809_,1.48
_0813_,1.48
_1645_,1.48
_1880_,1.48
_1936_,1.48
_2101_,1.48
_0089_,1.46
_0066_,1.405
_0284_,1.405
_0457_,1.405
_0477_,1.405
_0688_,1.38
_0899_,1.38
_0966_,1.38
_0968_,1.38
_1022_,1.38
_1029_,1.38
_1293_,1.38
_1472_,1.38
_1719_,1.38
_1853_,1.38
net265,1.38
net316,1.38
_0691_,1.26
_0804_,1.26
_1579_,1.26
_1651_,1.26
_1721_,1.26
_0812_,1.14
_0816_,1.14
_0822_,1.14
_0917_,1.14
regis.packet_parity\[0\],1.14
_2050_,1.02
_0847_,0.92
_1745_,0.92
net179,0.92
_1038_,0.8
_1983_,0.8
_1172_,0.46
_1245_,0.46
_1380_,0.46
_1395_,0.46
_2095_,0.46
net87,0.46
net89,0.46
net156,0.46
net163,0.46
net190,0.46
net192,0.46
net236,0.46
net238,0.46
net266,0.46
net302,0.46
net314,0.46
